Run,Best Fitness
1,4.73099135488272
2,2.479187892128478
3,2.3121462738185605
4,2.6204139067723267
5,0.5240460532084059
