Run,Best Fitness
1,4.34506680453926
2,5.9495725036399385
3,3.746793623484967
4,5.075739645131748
5,4.870451423388709
