Run,Best Fitness
1,0.9861626159775834
2,0.8649110759383352
3,2.1233057060511165
4,0.7008601691708356
5,1.14950277354874
