Run,Best Fitness
1,2.4174802436434386
2,2.4264549637890385
3,1.9594398587931885
4,1.935633838150145
5,2.579719114727166
