Run,Best Fitness
1,1.8374591248927101
2,2.2164728042066884
3,2.3700576006400373
4,1.869894038317984
5,2.7984776738068544
