Run,Best Fitness
1,4.880443069031112
2,4.245187931658948
3,4.1460166405111485
4,4.1507117064708865
5,3.204295085560128
