Run,Best Fitness
1,1.9598887206171105
2,1.3569650415202943
3,1.089269290142747
4,1.1499970777186852
5,1.2698632033903952
